course_code,course_name,semester,credits,description,keywords
HCE-CSE101,Programming Fundamentals,1,4,"Procedural programming develops step-by-step solutions using variables, decisions, repetition and functions, with attention to tracing and debugging small programs.",programming; functions; control flow; debugging
HCE-CSE201,Object-Oriented Programming,2,4,"Object-based software design organizes state and behaviour into classes, exploring encapsulation, inheritance and reusable abstractions for structured applications.",classes; objects; encapsulation; inheritance
HCE-CSE202,Discrete Mathematics,2,4,"Mathematical structures for computing connect logic, sets, relations and graph reasoning to precise statements about finite computational problems.",logic; sets; relations; graphs
HCE-CSE301,Data Structures,3,4,"Organizing collections through lists, stacks, queues, trees and related structures supports efficient storage, access and modification of program data.",lists; stacks; queues; trees; data organization
HCE-CSE302,Database Management Systems,3,4,"Relational data organization uses schemas, structured queries and integrity constraints to store linked records and maintain consistent information during updates.",relational data; schemas; SQL; integrity
HCE-CSE303,Probability and Statistics,3,4,"Mathematical treatment of uncertainty combines probability distributions, summary statistics and inference to interpret variable observations and reason about evidence.",probability; statistics; uncertainty; inference
HCE-CSE304,Design and Analysis of Algorithms,3,4,Systematic algorithm design compares strategies for solving computational problems and evaluates their resource costs as input sizes change.,algorithms; complexity; efficiency; problem solving
HCE-CSE401,Operating Systems,4,4,"System software coordinates processes, memory and shared resources so concurrent programs can run safely while using underlying computing hardware.",processes; memory; resource management; concurrency
HCE-CSE402,Computer Networks,4,4,Protocols and layered architectures that enable digital devices to exchange data over connected systems.,protocols; layered architecture; data exchange; networks
HCE-CSE403,Software Engineering,4,4,"Disciplined software development connects requirements, design, testing and maintenance to the construction of dependable applications by collaborating teams.",requirements; design; testing; maintenance
HCE-CSE404,Linear Algebra for Computing,4,4,"Vector spaces, matrices and linear transformations provide mathematical tools for representing numerical observations and reasoning about computations in multiple dimensions.",vectors; matrices; linear transformations
HCE-CSE501,Artificial Intelligence,5,4,"Intelligent problem solving examines search, knowledge representation and reasoning methods for choosing actions under specified goals and constraints.",search; knowledge representation; reasoning; intelligent systems
HCE-CSE502,Machine Learning,5,4,Data-driven methods that learn patterns from examples to make predictions on unseen observations.,supervised learning; classification; regression; model evaluation
HCE-CSE504,Data Engineering,5,4,"Data preparation workflows organize, clean and transform collections into dependable inputs for downstream analytical systems, emphasizing consistency across processing stages.",data preparation; data workflows; transformation; consistency
HCE-CSE601,Compiler Design,6,4,"Translation of programming languages connects lexical analysis, syntax and semantic checking to the construction of representations suitable for execution.",language translation; syntax; semantic checking; compilers
HCE-CSE602,Information Retrieval,6,4,"Retrieval of relevant items from document collections examines representations, ranking and evaluation, linking information needs with indexed textual evidence.",document retrieval; ranking; relevance; evaluation
HCE-CSE603,Natural Language Processing,6,4,"Computational methods for processing, understanding and generating human language through symbolic, statistical and contextual representations.",text preprocessing; TF-IDF; word embeddings; Transformers; semantic search
HCE-CSE701,Deep Learning,7,4,"Multilayer neural methods for learning hierarchical representations from data, building on Machine Learning.",neural networks; backpropagation; optimization; representation learning
HCE-CSE702,Computer Vision,7,4,"Visual pattern interpretation applies learned representations to images, considering recognition tasks and evaluation of predictions from visual observations.",images; visual recognition; learned representations
HCE-CSE704,Distributed Systems,7,4,"Cooperating processes across multiple machines coordinate computation while reasoning about communication, consistency and failures in shared systems.",distributed computation; coordination; consistency; faults
